"Lengte en gewicht van personen, ondergewicht en overgewicht; vanaf 1981"
"";"";"";"Onderwerpen";"Onder- en overgewicht, 4 jaar of ouder";"Onder- en overgewicht, 4 jaar of ouder";"Onder- en overgewicht, 4 jaar of ouder";"Onder- en overgewicht, 4 jaar of ouder";"Onder- en overgewicht, 4 jaar of ouder"
"";"";"";"Onderwerpen";"Ondergewicht";"Normaal gewicht";"Overgewicht";"Mate van overgewicht";"Mate van overgewicht"
"";"";"";"Onderwerpen";"Ondergewicht";"Normaal gewicht";"Overgewicht";"Matig overgewicht";"Ernstig overgewicht"
"Geslacht";"Leeftijd";"Cijfersoort";"Perioden";"%";"%";"%";"%";"%"
"Vrouwen";"4 tot 20 jaar";"Percentages/gemiddelden";"1981";"6.2";"84.5";"9.3";"7.6";"1.8"
"Vrouwen";"4 tot 20 jaar";"Percentages/gemiddelden";"1982";"7.8";"83.2";"9.0";"7.6";"1.4"
"Vrouwen";"4 tot 20 jaar";"Percentages/gemiddelden";"1983";"6.1";"86.8";"7.2";"5.6";"1.5"
"Vrouwen";"4 tot 20 jaar";"Percentages/gemiddelden";"1984";"6.8";"86.3";"7.0";"6.2";"0.7"
"Vrouwen";"4 tot 20 jaar";"Percentages/gemiddelden";"1985";"7.5";"82.9";"9.6";"7.1";"2.5"
"Vrouwen";"4 tot 20 jaar";"Percentages/gemiddelden";"1986";"6.8";"86.9";"6.3";"5.1";"1.2"
"Vrouwen";"4 tot 20 jaar";"Percentages/gemiddelden";"1987";"8.4";"83.1";"8.5";"7.3";"1.2"
"Vrouwen";"4 tot 20 jaar";"Percentages/gemiddelden";"1988";"7.7";"85.0";"7.3";"6.0";"1.3"
"Vrouwen";"4 tot 20 jaar";"Percentages/gemiddelden";"1989";"8.2";"82.0";"9.7";"8.6";"1.1"
"Vrouwen";"4 tot 20 jaar";"Percentages/gemiddelden";"1990";"8.3";"82.1";"9.6";"7.2";"2.4"
"Vrouwen";"4 tot 20 jaar";"Percentages/gemiddelden";"1991";"6.7";"81.0";"12.3";"10.2";"2.1"
"Vrouwen";"4 tot 20 jaar";"Percentages/gemiddelden";"1992";"8.0";"80.3";"11.8";"10.0";"1.7"
"Vrouwen";"4 tot 20 jaar";"Percentages/gemiddelden";"1993";"7.9";"79.8";"12.3";"8.8";"3.4"
"Vrouwen";"4 tot 20 jaar";"Percentages/gemiddelden";"1994";"5.8";"82.7";"11.4";"8.0";"3.5"
"Vrouwen";"4 tot 20 jaar";"Percentages/gemiddelden";"1995";"7.2";"82.4";"10.4";"7.8";"2.6"
"Vrouwen";"4 tot 20 jaar";"Percentages/gemiddelden";"1996";"9.1";"79.2";"11.7";"7.9";"3.8"
"Vrouwen";"4 tot 20 jaar";"Percentages/gemiddelden";"1997";"8.0";"79.9";"12.1";"9.7";"2.3"
"Vrouwen";"4 tot 20 jaar";"Percentages/gemiddelden";"1998";"5.4";"83.5";"11.0";"8.6";"2.4"
"Vrouwen";"4 tot 20 jaar";"Percentages/gemiddelden";"1999";"7.0";"82.2";"10.8";"8.4";"2.4"
"Vrouwen";"4 tot 20 jaar";"Percentages/gemiddelden";"2000";"7.2";"80.5";"12.2";"9.8";"2.4"
"Vrouwen";"4 tot 20 jaar";"Percentages/gemiddelden";"2001";"5.9";"81.6";"12.5";"10.1";"2.4"
"Vrouwen";"4 tot 20 jaar";"Percentages/gemiddelden";"2002";"6.9";"81.9";"11.1";"9.1";"2.1"
"Vrouwen";"4 tot 20 jaar";"Percentages/gemiddelden";"2003";"6.0";"84.6";"9.4";"6.8";"2.6"
"Vrouwen";"4 tot 20 jaar";"Percentages/gemiddelden";"2004";"6.1";"81.5";"12.3";"9.6";"2.8"
"Vrouwen";"4 tot 20 jaar";"Percentages/gemiddelden";"2005";"5.6";"80.6";"13.9";"10.6";"3.2"
"Vrouwen";"4 tot 20 jaar";"Percentages/gemiddelden";"2006";"6.0";"83.1";"10.9";"8.4";"2.4"
"Vrouwen";"4 tot 20 jaar";"Percentages/gemiddelden";"2007";"4.7";"83.6";"11.7";"9.2";"2.5"
"Vrouwen";"4 tot 20 jaar";"Percentages/gemiddelden";"2008";"4.6";"82.3";"13.1";"10.2";"2.9"
"Vrouwen";"4 tot 20 jaar";"Percentages/gemiddelden";"2009";"6.9";"79.3";"13.8";"11.0";"2.8"
"Vrouwen";"4 tot 20 jaar";"Percentages/gemiddelden";"2010";"5.5";"81.6";"12.9";"10.0";"2.9"
"Vrouwen";"4 tot 20 jaar";"Percentages/gemiddelden";"2011";"5.3";"81.9";"12.8";"10.1";"2.7"
"Vrouwen";"4 tot 20 jaar";"Percentages/gemiddelden";"2012";"5.7";"82.1";"12.1";"10.1";"2.0"
"Vrouwen";"4 tot 20 jaar";"Percentages/gemiddelden";"2013";"6.1";"82.7";"11.2";"8.5";"2.7"
"Vrouwen";"4 tot 20 jaar";"Percentages/gemiddelden";"2014";"4.6";"82.1";"13.3";"9.5";"3.8"
"Vrouwen";"4 tot 20 jaar";"Percentages/gemiddelden";"2015";"6.1";"82.5";"11.5";"8.6";"2.9"
"Vrouwen";"4 tot 20 jaar";"Percentages/gemiddelden";"2016";"5.9";"80.2";"13.9";"10.8";"3.0"
"Vrouwen";"4 tot 12 jaar";"Percentages/gemiddelden";"1981";"6.9";"78.0";"15.2";"11.4";"3.8"
"Vrouwen";"4 tot 12 jaar";"Percentages/gemiddelden";"1982";"11.8";"74.8";"13.4";"10.7";"2.7"
"Vrouwen";"4 tot 12 jaar";"Percentages/gemiddelden";"1983";"7.5";"83.0";"9.5";"6.7";"2.8"
"Vrouwen";"4 tot 12 jaar";"Percentages/gemiddelden";"1984";"11.2";"79.6";"9.2";"7.5";"1.7"
"Vrouwen";"4 tot 12 jaar";"Percentages/gemiddelden";"1985";"10.3";"77.9";"11.8";"6.7";"5.1"
"Vrouwen";"4 tot 12 jaar";"Percentages/gemiddelden";"1986";"10.0";"82.1";"7.9";"6.2";"1.7"
"Vrouwen";"4 tot 12 jaar";"Percentages/gemiddelden";"1987";"12.4";"76.9";"10.7";"8.4";"2.3"
"Vrouwen";"4 tot 12 jaar";"Percentages/gemiddelden";"1988";"13.9";"75.6";"10.5";"7.8";"2.8"
"Vrouwen";"4 tot 12 jaar";"Percentages/gemiddelden";"1989";"11.4";"76.7";"11.8";"10.1";"1.7"
"Vrouwen";"4 tot 12 jaar";"Percentages/gemiddelden";"1990";"12.8";"73.0";"14.1";"9.7";"4.4"
"Vrouwen";"4 tot 12 jaar";"Percentages/gemiddelden";"1991";"12.9";"70.5";"16.5";"12.9";"3.6"
"Vrouwen";"4 tot 12 jaar";"Percentages/gemiddelden";"1992";"11.9";"73.7";"14.3";"10.9";"3.5"
"Vrouwen";"4 tot 12 jaar";"Percentages/gemiddelden";"1993";"9.2";"76.1";"14.6";"9.8";"4.9"
"Vrouwen";"4 tot 12 jaar";"Percentages/gemiddelden";"1994";"8.7";"75.3";"16.0";"10.6";"5.4"
"Vrouwen";"4 tot 12 jaar";"Percentages/gemiddelden";"1995";"9.1";"79.0";"11.9";"7.7";"4.2"
"Vrouwen";"4 tot 12 jaar";"Percentages/gemiddelden";"1996";"12.7";"69.7";"17.7";"10.9";"6.8"
"Vrouwen";"4 tot 12 jaar";"Percentages/gemiddelden";"1997";"10.9";"74.3";"14.8";"10.6";"4.2"
"Vrouwen";"4 tot 12 jaar";"Percentages/gemiddelden";"1998";"8.2";"78.1";"13.6";"9.2";"4.4"
"Vrouwen";"4 tot 12 jaar";"Percentages/gemiddelden";"1999";"10.7";"76.3";"13.0";"9.7";"3.3"
"Vrouwen";"4 tot 12 jaar";"Percentages/gemiddelden";"2000";"9.8";"75.8";"14.5";"10.9";"3.6"
"Vrouwen";"4 tot 12 jaar";"Percentages/gemiddelden";"2001";"8.4";"75.8";"15.8";"12.0";"3.8"
"Vrouwen";"4 tot 12 jaar";"Percentages/gemiddelden";"2002";"9.5";"77.7";"12.8";"9.5";"3.3"
"Vrouwen";"4 tot 12 jaar";"Percentages/gemiddelden";"2003";"8.0";"79.3";"12.7";"8.3";"4.4"
"Vrouwen";"4 tot 12 jaar";"Percentages/gemiddelden";"2004";"8.8";"75.2";"16.0";"11.8";"4.2"
"Vrouwen";"4 tot 12 jaar";"Percentages/gemiddelden";"2005";"9.4";"73.5";"17.1";"13.1";"4.0"
"Vrouwen";"4 tot 12 jaar";"Percentages/gemiddelden";"2006";"9.6";"77.3";"13.1";"9.1";"4.0"
"Vrouwen";"4 tot 12 jaar";"Percentages/gemiddelden";"2007";"7.5";"79.7";"12.8";"8.9";"4.0"
"Vrouwen";"4 tot 12 jaar";"Percentages/gemiddelden";"2008";"6.8";"78.3";"14.9";"11.6";"3.3"
"Vrouwen";"4 tot 12 jaar";"Percentages/gemiddelden";"2009";"9.3";"74.0";"16.7";"13.0";"3.7"
"Vrouwen";"4 tot 12 jaar";"Percentages/gemiddelden";"2010";"8.1";"77.9";"14.0";"10.2";"3.8"
"Vrouwen";"4 tot 12 jaar";"Percentages/gemiddelden";"2011";"7.5";"80.3";"12.2";"9.4";"2.8"
"Vrouwen";"4 tot 12 jaar";"Percentages/gemiddelden";"2012";"8.1";"80.0";"11.9";"9.3";"2.6"
"Vrouwen";"4 tot 12 jaar";"Percentages/gemiddelden";"2013";"7.7";"79.3";"12.9";"10.2";"2.8"
"Vrouwen";"4 tot 12 jaar";"Percentages/gemiddelden";"2014";"6.5";"81.0";"12.6";"8.5";"4.1"
"Vrouwen";"4 tot 12 jaar";"Percentages/gemiddelden";"2015";"9.5";"77.4";"13.1";"9.0";"4.0"
"Vrouwen";"4 tot 12 jaar";"Percentages/gemiddelden";"2016";"7.4";"79.4";"13.2";"9.1";"4.1"
"Vrouwen";"12 tot 16 jaar";"Percentages/gemiddelden";"1981";"4.2";"87.8";"8.0";"7.5";"0.5"
"Vrouwen";"12 tot 16 jaar";"Percentages/gemiddelden";"1982";"6.0";"90.5";"3.5";"3.5";"0.0"
"Vrouwen";"12 tot 16 jaar";"Percentages/gemiddelden";"1983";"5.1";"89.3";"5.6";"4.9";"0.7"
"Vrouwen";"12 tot 16 jaar";"Percentages/gemiddelden";"1984";"3.4";"91.0";"5.6";"5.6";"0.0"
"Vrouwen";"12 tot 16 jaar";"Percentages/gemiddelden";"1985";"5.2";"84.4";"10.4";"10.4";"0.0"
"Vrouwen";"12 tot 16 jaar";"Percentages/gemiddelden";"1986";"5.3";"88.5";"6.2";"5.2";"1.0"
"Vrouwen";"12 tot 16 jaar";"Percentages/gemiddelden";"1987";"7.5";"84.3";"8.1";"7.7";"0.4"
"Vrouwen";"12 tot 16 jaar";"Percentages/gemiddelden";"1988";"4.6";"87.4";"8.0";"8.0";"0.0"
"Vrouwen";"12 tot 16 jaar";"Percentages/gemiddelden";"1989";"6.0";"85.9";"8.2";"7.2";"1.0"
"Vrouwen";"12 tot 16 jaar";"Percentages/gemiddelden";"1990";"6.3";"86.4";"7.3";"6.4";"1.0"
"Vrouwen";"12 tot 16 jaar";"Percentages/gemiddelden";"1991";"0.0";"93.2";"6.8";"6.8";"0.0"
"Vrouwen";"12 tot 16 jaar";"Percentages/gemiddelden";"1992";"5.9";"83.5";"10.6";"10.1";"0.5"
"Vrouwen";"12 tot 16 jaar";"Percentages/gemiddelden";"1993";"7.9";"82.6";"9.5";"7.4";"2.1"
"Vrouwen";"12 tot 16 jaar";"Percentages/gemiddelden";"1994";"3.7";"90.1";"6.2";"6.2";"0.0"
"Vrouwen";"12 tot 16 jaar";"Percentages/gemiddelden";"1995";"5.2";"86.4";"8.4";"7.8";"0.6"
"Vrouwen";"12 tot 16 jaar";"Percentages/gemiddelden";"1996";"6.2";"89.8";"4.0";"2.5";"1.5"
"Vrouwen";"12 tot 16 jaar";"Percentages/gemiddelden";"1997";"3.7";"86.9";"9.5";"8.8";"0.7"
"Vrouwen";"12 tot 16 jaar";"Percentages/gemiddelden";"1998";"2.2";"88.0";"9.7";"9.4";"0.3"
"Vrouwen";"12 tot 16 jaar";"Percentages/gemiddelden";"1999";"4.0";"88.4";"7.6";"7.2";"0.3"
"Vrouwen";"12 tot 16 jaar";"Percentages/gemiddelden";"2000";"5.0";"86.8";"8.1";"6.3";"1.9"
"Vrouwen";"12 tot 16 jaar";"Percentages/gemiddelden";"2001";"3.6";"85.5";"10.9";"10.0";"0.9"
"Vrouwen";"12 tot 16 jaar";"Percentages/gemiddelden";"2002";"3.4";"88.7";"7.9";"7.1";"0.8"
"Vrouwen";"12 tot 16 jaar";"Percentages/gemiddelden";"2003";"5.4";"89.8";"4.8";"3.5";"1.3"
"Vrouwen";"12 tot 16 jaar";"Percentages/gemiddelden";"2004";"5.1";"88.3";"6.6";"5.2";"1.4"
"Vrouwen";"12 tot 16 jaar";"Percentages/gemiddelden";"2005";"2.8";"88.3";"8.9";"6.4";"2.5"
"Vrouwen";"12 tot 16 jaar";"Percentages/gemiddelden";"2006";"4.0";"86.5";"9.5";"7.9";"1.6"
"Vrouwen";"12 tot 16 jaar";"Percentages/gemiddelden";"2007";"0.9";"89.5";"9.6";"9.6";"0.0"
"Vrouwen";"12 tot 16 jaar";"Percentages/gemiddelden";"2008";"3.1";"90.6";"6.3";"3.5";"2.8"
"Vrouwen";"12 tot 16 jaar";"Percentages/gemiddelden";"2009";"4.9";"84.0";"11.1";"8.8";"2.3"
"Vrouwen";"12 tot 16 jaar";"Percentages/gemiddelden";"2010";"4.4";"86.8";"8.7";"7.1";"1.6"
"Vrouwen";"12 tot 16 jaar";"Percentages/gemiddelden";"2011";"2.5";"87.2";"10.3";"9.3";"1.1"
"Vrouwen";"12 tot 16 jaar";"Percentages/gemiddelden";"2012";"4.8";"85.4";"9.8";"8.1";"1.7"
"Vrouwen";"12 tot 16 jaar";"Percentages/gemiddelden";"2013";"3.9";"84.8";"11.3";"8.8";"2.5"
"Vrouwen";"12 tot 16 jaar";"Percentages/gemiddelden";"2014";"2.3";"87.0";"10.7";"8.3";"2.4"
"Vrouwen";"12 tot 16 jaar";"Percentages/gemiddelden";"2015";"3.7";"85.7";"10.5";"8.5";"2.0"
"Vrouwen";"12 tot 16 jaar";"Percentages/gemiddelden";"2016";"5.2";"80.3";"14.4";"12.4";"2.0"
"Vrouwen";"16 tot 20 jaar";"Percentages/gemiddelden";"1981";"7.0";"91.2";"1.7";"1.7";"0.0"
"Vrouwen";"16 tot 20 jaar";"Percentages/gemiddelden";"1982";"3.7";"88.3";"8.0";"7.1";"1.0"
"Vrouwen";"16 tot 20 jaar";"Percentages/gemiddelden";"1983";"5.3";"88.9";"5.7";"4.9";"0.8"
"Vrouwen";"16 tot 20 jaar";"Percentages/gemiddelden";"1984";"4.0";"90.8";"5.1";"5.1";"0.0"
"Vrouwen";"16 tot 20 jaar";"Percentages/gemiddelden";"1985";"5.8";"88.4";"5.8";"4.5";"1.2"
"Vrouwen";"16 tot 20 jaar";"Percentages/gemiddelden";"1986";"3.8";"91.9";"4.2";"3.4";"0.8"
"Vrouwen";"16 tot 20 jaar";"Percentages/gemiddelden";"1987";"4.0";"90.2";"5.8";"5.4";"0.3"
"Vrouwen";"16 tot 20 jaar";"Percentages/gemiddelden";"1988";"2.8";"94.5";"2.8";"2.1";"0.7"
"Vrouwen";"16 tot 20 jaar";"Percentages/gemiddelden";"1989";"5.4";"86.6";"8.0";"7.6";"0.4"
"Vrouwen";"16 tot 20 jaar";"Percentages/gemiddelden";"1990";"3.3";"91.8";"4.8";"4.3";"0.5"
"Vrouwen";"16 tot 20 jaar";"Percentages/gemiddelden";"1991";"2.8";"87.1";"10.2";"8.6";"1.5"
"Vrouwen";"16 tot 20 jaar";"Percentages/gemiddelden";"1992";"3.3";"88.1";"8.6";"8.6";"0.0"
"Vrouwen";"16 tot 20 jaar";"Percentages/gemiddelden";"1993";"5.5";"83.8";"10.7";"8.5";"2.1"
"Vrouwen";"16 tot 20 jaar";"Percentages/gemiddelden";"1994";"2.6";"89.3";"8.1";"4.7";"3.4"
"Vrouwen";"16 tot 20 jaar";"Percentages/gemiddelden";"1995";"5.4";"85.0";"9.6";"8.2";"1.4"
"Vrouwen";"16 tot 20 jaar";"Percentages/gemiddelden";"1996";"5.0";"87.6";"7.4";"7.4";"0.0"
"Vrouwen";"16 tot 20 jaar";"Percentages/gemiddelden";"1997";"6.3";"84.8";"8.9";"8.9";"0.0"
"Vrouwen";"16 tot 20 jaar";"Percentages/gemiddelden";"1998";"3.3";"89.8";"7.0";"6.4";"0.5"
"Vrouwen";"16 tot 20 jaar";"Percentages/gemiddelden";"1999";"2.3";"88.1";"9.6";"7.1";"2.6"
"Vrouwen";"16 tot 20 jaar";"Percentages/gemiddelden";"2000";"4.2";"83.9";"11.9";"11.5";"0.4"
"Vrouwen";"16 tot 20 jaar";"Percentages/gemiddelden";"2001";"3.4";"89.5";"7.1";"6.1";"1.0"
"Vrouwen";"16 tot 20 jaar";"Percentages/gemiddelden";"2002";"5.7";"82.7";"11.6";"10.6";"1.0"
"Vrouwen";"16 tot 20 jaar";"Percentages/gemiddelden";"2003";"2.7";"89.2";"8.1";"7.6";"0.4"
"Vrouwen";"16 tot 20 jaar";"Percentages/gemiddelden";"2004";"2.0";"86.6";"11.4";"10.1";"1.3"
"Vrouwen";"16 tot 20 jaar";"Percentages/gemiddelden";"2005";"1.6";"85.4";"13.0";"10.4";"2.6"
"Vrouwen";"16 tot 20 jaar";"Percentages/gemiddelden";"2006";"1.6";"90.2";"8.2";"7.7";"0.5"
"Vrouwen";"16 tot 20 jaar";"Percentages/gemiddelden";"2007";"3.6";"84.7";"11.8";"9.4";"2.4"
"Vrouwen";"16 tot 20 jaar";"Percentages/gemiddelden";"2008";"2.0";"81.4";"16.6";"14.4";"2.2"
"Vrouwen";"16 tot 20 jaar";"Percentages/gemiddelden";"2009";"4.4";"84.4";"11.2";"9.6";"1.7"
"Vrouwen";"16 tot 20 jaar";"Percentages/gemiddelden";"2010";"2.0";"82.9";"15.1";"12.4";"2.7"
"Vrouwen";"16 tot 20 jaar";"Percentages/gemiddelden";"2011";"4.1";"80.0";"15.9";"12.0";"3.9"
"Vrouwen";"16 tot 20 jaar";"Percentages/gemiddelden";"2012";"2.8";"82.6";"14.6";"13.2";"1.4"
"Vrouwen";"16 tot 20 jaar";"Percentages/gemiddelden";"2013";"5.5";"86.2";"8.3";"5.4";"2.8"
"Vrouwen";"16 tot 20 jaar";"Percentages/gemiddelden";"2014";"3.5";"79.3";"17.2";"12.6";"4.6"
"Vrouwen";"16 tot 20 jaar";"Percentages/gemiddelden";"2015";"2.3";"88.2";"9.5";"7.7";"1.8"
"Vrouwen";"16 tot 20 jaar";"Percentages/gemiddelden";"2016";"4.1";"81.4";"14.5";"12.3";"2.2"
"Vrouwen";"20 jaar of ouder";"Percentages/gemiddelden";"1981";"4.0";"66.2";"29.8";"23.4";"6.4"
"Vrouwen";"20 jaar of ouder";"Percentages/gemiddelden";"1982";"4.3";"66.2";"29.6";"23.4";"6.2"
"Vrouwen";"20 jaar of ouder";"Percentages/gemiddelden";"1983";"4.3";"65.4";"30.3";"24.2";"6.0"
"Vrouwen";"20 jaar of ouder";"Percentages/gemiddelden";"1984";"4.5";"66.4";"29.2";"22.4";"6.7"
"Vrouwen";"20 jaar of ouder";"Percentages/gemiddelden";"1985";"4.5";"67.1";"28.4";"21.9";"6.4"
"Vrouwen";"20 jaar of ouder";"Percentages/gemiddelden";"1986";"4.5";"64.4";"31.1";"24.7";"6.4"
"Vrouwen";"20 jaar of ouder";"Percentages/gemiddelden";"1987";"3.4";"65.7";"30.9";"24.2";"6.6"
"Vrouwen";"20 jaar of ouder";"Percentages/gemiddelden";"1988";"3.9";"65.7";"30.4";"24.2";"6.2"
"Vrouwen";"20 jaar of ouder";"Percentages/gemiddelden";"1989";"3.1";"64.8";"32.2";"24.3";"7.8"
"Vrouwen";"20 jaar of ouder";"Percentages/gemiddelden";"1990";"3.6";"65.7";"30.7";"23.6";"7.1"
"Vrouwen";"20 jaar of ouder";"Percentages/gemiddelden";"1991";"3.5";"65.3";"31.2";"24.5";"6.7"
"Vrouwen";"20 jaar of ouder";"Percentages/gemiddelden";"1992";"3.7";"63.5";"32.8";"24.7";"8.1"
"Vrouwen";"20 jaar of ouder";"Percentages/gemiddelden";"1993";"4.1";"63.5";"32.4";"25.5";"6.9"
"Vrouwen";"20 jaar of ouder";"Percentages/gemiddelden";"1994";"3.5";"63.6";"32.9";"25.5";"7.4"
"Vrouwen";"20 jaar of ouder";"Percentages/gemiddelden";"1995";"3.3";"61.7";"34.9";"26.4";"8.6"
"Vrouwen";"20 jaar of ouder";"Percentages/gemiddelden";"1996";"3.8";"60.3";"35.9";"27.7";"8.2"
"Vrouwen";"20 jaar of ouder";"Percentages/gemiddelden";"1997";"2.7";"60.4";"36.9";"27.1";"9.8"
"Vrouwen";"20 jaar of ouder";"Percentages/gemiddelden";"1998";"2.7";"59.9";"37.5";"27.3";"10.2"
"Vrouwen";"20 jaar of ouder";"Percentages/gemiddelden";"1999";"2.8";"59.1";"38.1";"27.5";"10.5"
"Vrouwen";"20 jaar of ouder";"Percentages/gemiddelden";"2000";"2.5";"56.8";"40.8";"30.1";"10.7"
"Vrouwen";"20 jaar of ouder";"Percentages/gemiddelden";"2001";"2.5";"57.6";"39.9";"29.1";"10.8"
"Vrouwen";"20 jaar of ouder";"Percentages/gemiddelden";"2002";"2.3";"58.3";"39.4";"28.1";"11.3"
"Vrouwen";"20 jaar of ouder";"Percentages/gemiddelden";"2003";"2.3";"56.2";"41.5";"28.9";"12.7"
"Vrouwen";"20 jaar of ouder";"Percentages/gemiddelden";"2004";"2.4";"55.3";"42.3";"29.6";"12.7"
"Vrouwen";"20 jaar of ouder";"Percentages/gemiddelden";"2005";"2.6";"57.4";"40.0";"28.0";"12.0"
"Vrouwen";"20 jaar of ouder";"Percentages/gemiddelden";"2006";"2.2";"55.5";"42.3";"29.0";"13.3"
"Vrouwen";"20 jaar of ouder";"Percentages/gemiddelden";"2007";"2.5";"57.3";"40.2";"27.5";"12.7"
"Vrouwen";"20 jaar of ouder";"Percentages/gemiddelden";"2008";"2.8";"55.4";"41.9";"29.0";"12.8"
"Vrouwen";"20 jaar of ouder";"Percentages/gemiddelden";"2009";"2.1";"55.7";"42.2";"29.3";"12.9"
"Vrouwen";"20 jaar of ouder";"Percentages/gemiddelden";"2010";"2.0";"55.1";"42.9";"30.3";"12.6"
"Vrouwen";"20 jaar of ouder";"Percentages/gemiddelden";"2011";"2.3";"54.8";"43.0";"30.3";"12.6"
"Vrouwen";"20 jaar of ouder";"Percentages/gemiddelden";"2012";"2.3";"55.4";"42.3";"29.5";"12.8"
"Vrouwen";"20 jaar of ouder";"Percentages/gemiddelden";"2013";"2.6";"53.9";"43.6";"30.7";"12.9"
"Vrouwen";"20 jaar of ouder";"Percentages/gemiddelden";"2014";"1.9";"52.1";"46.0";"30.6";"15.4"
"Vrouwen";"20 jaar of ouder";"Percentages/gemiddelden";"2015";"2.5";"51.2";"46.3";"31.2";"15.1"
"Vrouwen";"20 jaar of ouder";"Percentages/gemiddelden";"2016";"2.2";"50.3";"47.4";"30.6";"16.8"
"Vrouwen";"20 tot 30 jaar";"Percentages/gemiddelden";"1981";"9.2";"80.6";"10.2";"7.9";"2.3"
"Vrouwen";"20 tot 30 jaar";"Percentages/gemiddelden";"1982";"8.9";"81.7";"9.4";"7.4";"1.9"
"Vrouwen";"20 tot 30 jaar";"Percentages/gemiddelden";"1983";"9.0";"78.9";"12.1";"10.4";"1.7"
"Vrouwen";"20 tot 30 jaar";"Percentages/gemiddelden";"1984";"9.8";"80.3";"10.0";"8.3";"1.7"
"Vrouwen";"20 tot 30 jaar";"Percentages/gemiddelden";"1985";"9.6";"78.0";"12.4";"9.7";"2.6"
"Vrouwen";"20 tot 30 jaar";"Percentages/gemiddelden";"1986";"7.7";"79.6";"12.7";"11.3";"1.4"
"Vrouwen";"20 tot 30 jaar";"Percentages/gemiddelden";"1987";"5.8";"81.4";"12.8";"10.1";"2.7"
"Vrouwen";"20 tot 30 jaar";"Percentages/gemiddelden";"1988";"8.8";"78.7";"12.5";"10.8";"1.8"
"Vrouwen";"20 tot 30 jaar";"Percentages/gemiddelden";"1989";"6.2";"79.3";"14.5";"11.3";"3.2"
"Vrouwen";"20 tot 30 jaar";"Percentages/gemiddelden";"1990";"6.0";"79.3";"14.7";"12.0";"2.7"
"Vrouwen";"20 tot 30 jaar";"Percentages/gemiddelden";"1991";"7.0";"80.5";"12.5";"10.4";"2.1"
"Vrouwen";"20 tot 30 jaar";"Percentages/gemiddelden";"1992";"5.7";"76.6";"17.7";"13.1";"4.6"
"Vrouwen";"20 tot 30 jaar";"Percentages/gemiddelden";"1993";"9.5";"72.0";"18.5";"15.8";"2.7"
"Vrouwen";"20 tot 30 jaar";"Percentages/gemiddelden";"1994";"6.2";"76.3";"17.5";"14.6";"2.9"
"Vrouwen";"20 tot 30 jaar";"Percentages/gemiddelden";"1995";"6.6";"73.6";"19.8";"15.2";"4.6"
"Vrouwen";"20 tot 30 jaar";"Percentages/gemiddelden";"1996";"8.3";"74.0";"17.7";"14.0";"3.7"
"Vrouwen";"20 tot 30 jaar";"Percentages/gemiddelden";"1997";"5.8";"72.6";"21.6";"15.5";"6.1"
"Vrouwen";"20 tot 30 jaar";"Percentages/gemiddelden";"1998";"5.1";"71.7";"23.2";"16.7";"6.5"
"Vrouwen";"20 tot 30 jaar";"Percentages/gemiddelden";"1999";"5.6";"71.3";"23.1";"17.1";"6.0"
"Vrouwen";"20 tot 30 jaar";"Percentages/gemiddelden";"2000";"5.2";"73.9";"20.9";"15.9";"5.1"
"Vrouwen";"20 tot 30 jaar";"Percentages/gemiddelden";"2001";"5.4";"73.6";"21.0";"16.2";"4.8"
"Vrouwen";"20 tot 30 jaar";"Percentages/gemiddelden";"2002";"5.1";"74.0";"20.9";"16.0";"4.9"
"Vrouwen";"20 tot 30 jaar";"Percentages/gemiddelden";"2003";"3.1";"74.6";"22.3";"16.4";"6.0"
"Vrouwen";"20 tot 30 jaar";"Percentages/gemiddelden";"2004";"4.5";"71.2";"24.4";"17.0";"7.4"
"Vrouwen";"20 tot 30 jaar";"Percentages/gemiddelden";"2005";"6.2";"74.1";"19.7";"15.1";"4.7"
"Vrouwen";"20 tot 30 jaar";"Percentages/gemiddelden";"2006";"5.0";"69.4";"25.6";"20.6";"5.0"
"Vrouwen";"20 tot 30 jaar";"Percentages/gemiddelden";"2007";"5.6";"70.6";"23.8";"17.1";"6.7"
"Vrouwen";"20 tot 30 jaar";"Percentages/gemiddelden";"2008";"7.1";"68.8";"24.1";"15.1";"9.0"
"Vrouwen";"20 tot 30 jaar";"Percentages/gemiddelden";"2009";"6.5";"69.1";"24.4";"16.9";"7.5"
"Vrouwen";"20 tot 30 jaar";"Percentages/gemiddelden";"2010";"4.0";"69.9";"26.1";"19.5";"6.7"
"Vrouwen";"20 tot 30 jaar";"Percentages/gemiddelden";"2011";"5.3";"67.6";"27.1";"20.3";"6.7"
"Vrouwen";"20 tot 30 jaar";"Percentages/gemiddelden";"2012";"5.5";"71.5";"23.0";"17.1";"5.9"
"Vrouwen";"20 tot 30 jaar";"Percentages/gemiddelden";"2013";"5.7";"69.9";"24.4";"17.6";"6.8"
"Vrouwen";"20 tot 30 jaar";"Percentages/gemiddelden";"2014";"4.7";"66.0";"29.3";"20.7";"8.6"
"Vrouwen";"20 tot 30 jaar";"Percentages/gemiddelden";"2015";"6.2";"67.6";"26.2";"19.9";"6.3"
"Vrouwen";"20 tot 30 jaar";"Percentages/gemiddelden";"2016";"4.1";"66.9";"29.0";"20.3";"8.6"
"Vrouwen";"30 tot 40 jaar";"Percentages/gemiddelden";"1981";"4.3";"78.1";"17.5";"14.8";"2.8"
"Vrouwen";"30 tot 40 jaar";"Percentages/gemiddelden";"1982";"6.0";"75.7";"18.4";"15.1";"3.3"
"Vrouwen";"30 tot 40 jaar";"Percentages/gemiddelden";"1983";"5.5";"74.7";"19.7";"15.1";"4.6"
"Vrouwen";"30 tot 40 jaar";"Percentages/gemiddelden";"1984";"5.0";"75.2";"19.8";"15.2";"4.5"
"Vrouwen";"30 tot 40 jaar";"Percentages/gemiddelden";"1985";"5.3";"77.4";"17.3";"14.3";"3.0"
"Vrouwen";"30 tot 40 jaar";"Percentages/gemiddelden";"1986";"5.9";"76.2";"17.8";"13.3";"4.5"
"Vrouwen";"30 tot 40 jaar";"Percentages/gemiddelden";"1987";"4.6";"76.7";"18.7";"15.3";"3.4"
"Vrouwen";"30 tot 40 jaar";"Percentages/gemiddelden";"1988";"4.1";"77.0";"18.9";"14.6";"4.3"
"Vrouwen";"30 tot 40 jaar";"Percentages/gemiddelden";"1989";"4.4";"76.7";"18.8";"14.7";"4.1"
"Vrouwen";"30 tot 40 jaar";"Percentages/gemiddelden";"1990";"4.3";"73.5";"22.2";"16.2";"6.0"
"Vrouwen";"30 tot 40 jaar";"Percentages/gemiddelden";"1991";"3.6";"74.2";"22.2";"17.6";"4.6"
"Vrouwen";"30 tot 40 jaar";"Percentages/gemiddelden";"1992";"5.3";"74.4";"20.3";"15.4";"4.9"
"Vrouwen";"30 tot 40 jaar";"Percentages/gemiddelden";"1993";"2.9";"73.2";"24.0";"18.5";"5.5"
"Vrouwen";"30 tot 40 jaar";"Percentages/gemiddelden";"1994";"4.2";"73.2";"22.7";"17.1";"5.5"
"Vrouwen";"30 tot 40 jaar";"Percentages/gemiddelden";"1995";"3.9";"72.2";"23.8";"18.0";"5.8"
"Vrouwen";"30 tot 40 jaar";"Percentages/gemiddelden";"1996";"3.4";"70.5";"26.1";"21.1";"4.9"
"Vrouwen";"30 tot 40 jaar";"Percentages/gemiddelden";"1997";"3.2";"68.0";"28.8";"22.3";"6.6"
"Vrouwen";"30 tot 40 jaar";"Percentages/gemiddelden";"1998";"1.8";"69.1";"29.1";"20.0";"9.1"
"Vrouwen";"30 tot 40 jaar";"Percentages/gemiddelden";"1999";"2.8";"68.5";"28.6";"20.6";"8.0"
"Vrouwen";"30 tot 40 jaar";"Percentages/gemiddelden";"2000";"3.0";"63.6";"33.4";"24.9";"8.5"
"Vrouwen";"30 tot 40 jaar";"Percentages/gemiddelden";"2001";"3.4";"63.0";"33.6";"22.7";"11.0"
"Vrouwen";"30 tot 40 jaar";"Percentages/gemiddelden";"2002";"2.7";"64.4";"32.9";"24.0";"8.9"
"Vrouwen";"30 tot 40 jaar";"Percentages/gemiddelden";"2003";"3.1";"61.7";"35.2";"24.1";"11.1"
"Vrouwen";"30 tot 40 jaar";"Percentages/gemiddelden";"2004";"2.5";"61.2";"36.3";"24.2";"12.1"
"Vrouwen";"30 tot 40 jaar";"Percentages/gemiddelden";"2005";"2.1";"63.7";"34.2";"24.8";"9.4"
"Vrouwen";"30 tot 40 jaar";"Percentages/gemiddelden";"2006";"2.7";"61.5";"35.9";"21.9";"14.0"
"Vrouwen";"30 tot 40 jaar";"Percentages/gemiddelden";"2007";"2.9";"63.3";"33.9";"22.3";"11.6"
"Vrouwen";"30 tot 40 jaar";"Percentages/gemiddelden";"2008";"2.6";"60.1";"37.3";"25.4";"12.0"
"Vrouwen";"30 tot 40 jaar";"Percentages/gemiddelden";"2009";"1.2";"64.4";"34.4";"24.3";"10.1"
"Vrouwen";"30 tot 40 jaar";"Percentages/gemiddelden";"2010";"3.0";"63.9";"33.2";"23.3";"9.8"
"Vrouwen";"30 tot 40 jaar";"Percentages/gemiddelden";"2011";"1.9";"62.8";"35.3";"25.5";"9.8"
"Vrouwen";"30 tot 40 jaar";"Percentages/gemiddelden";"2012";"2.4";"62.8";"34.8";"23.6";"11.2"
"Vrouwen";"30 tot 40 jaar";"Percentages/gemiddelden";"2013";"3.5";"57.8";"38.8";"27.8";"11.0"
"Vrouwen";"30 tot 40 jaar";"Percentages/gemiddelden";"2014";"2.8";"59.3";"38.0";"26.5";"11.4"
"Vrouwen";"30 tot 40 jaar";"Percentages/gemiddelden";"2015";"2.7";"58.9";"38.5";"28.4";"10.1"
"Vrouwen";"30 tot 40 jaar";"Percentages/gemiddelden";"2016";"1.6";"58.8";"39.6";"25.6";"14.0"
"Vrouwen";"40 tot 50 jaar";"Percentages/gemiddelden";"1981";"2.4";"66.1";"31.5";"25.8";"5.7"
"Vrouwen";"40 tot 50 jaar";"Percentages/gemiddelden";"1982";"1.9";"68.9";"29.3";"22.6";"6.7"
"Vrouwen";"40 tot 50 jaar";"Percentages/gemiddelden";"1983";"2.7";"69.1";"28.2";"22.9";"5.3"
"Vrouwen";"40 tot 50 jaar";"Percentages/gemiddelden";"1984";"2.2";"69.4";"28.4";"22.3";"6.1"
"Vrouwen";"40 tot 50 jaar";"Percentages/gemiddelden";"1985";"2.6";"68.0";"29.4";"22.5";"6.9"
"Vrouwen";"40 tot 50 jaar";"Percentages/gemiddelden";"1986";"3.3";"64.4";"32.4";"26.7";"5.7"
"Vrouwen";"40 tot 50 jaar";"Percentages/gemiddelden";"1987";"2.1";"67.6";"30.3";"23.3";"7.1"
"Vrouwen";"40 tot 50 jaar";"Percentages/gemiddelden";"1988";"1.3";"69.9";"28.8";"23.0";"5.8"
"Vrouwen";"40 tot 50 jaar";"Percentages/gemiddelden";"1989";"2.2";"67.4";"30.4";"23.3";"7.1"
"Vrouwen";"40 tot 50 jaar";"Percentages/gemiddelden";"1990";"4.1";"68.2";"27.7";"21.0";"6.7"
"Vrouwen";"40 tot 50 jaar";"Percentages/gemiddelden";"1991";"2.9";"67.9";"29.3";"23.5";"5.7"
"Vrouwen";"40 tot 50 jaar";"Percentages/gemiddelden";"1992";"2.9";"67.6";"29.4";"22.8";"6.6"
"Vrouwen";"40 tot 50 jaar";"Percentages/gemiddelden";"1993";"2.5";"67.4";"30.1";"23.9";"6.2"
"Vrouwen";"40 tot 50 jaar";"Percentages/gemiddelden";"1994";"2.9";"66.2";"30.8";"24.4";"6.5"
"Vrouwen";"40 tot 50 jaar";"Percentages/gemiddelden";"1995";"2.4";"64.5";"33.1";"24.9";"8.2"
"Vrouwen";"40 tot 50 jaar";"Percentages/gemiddelden";"1996";"4.1";"59.3";"36.6";"27.8";"8.8"
"Vrouwen";"40 tot 50 jaar";"Percentages/gemiddelden";"1997";"2.4";"64.1";"33.6";"26.0";"7.6"
"Vrouwen";"40 tot 50 jaar";"Percentages/gemiddelden";"1998";"3.2";"62.6";"34.3";"25.9";"8.3"
"Vrouwen";"40 tot 50 jaar";"Percentages/gemiddelden";"1999";"1.9";"60.6";"37.5";"27.5";"10.0"
"Vrouwen";"40 tot 50 jaar";"Percentages/gemiddelden";"2000";"1.5";"58.0";"40.4";"30.3";"10.1"
"Vrouwen";"40 tot 50 jaar";"Percentages/gemiddelden";"2001";"2.1";"63.4";"34.5";"25.4";"9.0"
"Vrouwen";"40 tot 50 jaar";"Percentages/gemiddelden";"2002";"2.4";"62.4";"35.2";"24.7";"10.5"
"Vrouwen";"40 tot 50 jaar";"Percentages/gemiddelden";"2003";"1.4";"61.7";"36.8";"25.7";"11.1"
"Vrouwen";"40 tot 50 jaar";"Percentages/gemiddelden";"2004";"2.6";"55.7";"41.7";"28.9";"12.8"
"Vrouwen";"40 tot 50 jaar";"Percentages/gemiddelden";"2005";"2.1";"61.7";"36.2";"24.9";"11.3"
"Vrouwen";"40 tot 50 jaar";"Percentages/gemiddelden";"2006";"1.1";"58.4";"40.5";"27.7";"12.8"
"Vrouwen";"40 tot 50 jaar";"Percentages/gemiddelden";"2007";"1.9";"59.5";"38.6";"26.0";"12.6"
"Vrouwen";"40 tot 50 jaar";"Percentages/gemiddelden";"2008";"1.4";"58.1";"40.4";"29.2";"11.2"
"Vrouwen";"40 tot 50 jaar";"Percentages/gemiddelden";"2009";"1.7";"59.1";"39.2";"27.1";"12.2"
"Vrouwen";"40 tot 50 jaar";"Percentages/gemiddelden";"2010";"1.6";"57.3";"41.1";"28.1";"13.0"
"Vrouwen";"40 tot 50 jaar";"Percentages/gemiddelden";"2011";"1.3";"56.5";"42.2";"30.2";"12.0"
"Vrouwen";"40 tot 50 jaar";"Percentages/gemiddelden";"2012";"1.2";"56.7";"42.1";"29.4";"12.7"
"Vrouwen";"40 tot 50 jaar";"Percentages/gemiddelden";"2013";"1.6";"56.8";"41.5";"29.5";"12.1"
"Vrouwen";"40 tot 50 jaar";"Percentages/gemiddelden";"2014";"1.2";"51.9";"46.9";"30.8";"16.1"
"Vrouwen";"40 tot 50 jaar";"Percentages/gemiddelden";"2015";"2.0";"51.1";"46.8";"28.4";"18.5"
"Vrouwen";"40 tot 50 jaar";"Percentages/gemiddelden";"2016";"2.1";"50.0";"47.9";"30.9";"17.0"
"Vrouwen";"50 tot 55 jaar";"Percentages/gemiddelden";"1981";"2.4";"54.9";"42.8";"30.7";"12.0"
"Vrouwen";"50 tot 55 jaar";"Percentages/gemiddelden";"1982";"0.7";"54.4";"44.9";"37.0";"7.9"
"Vrouwen";"50 tot 55 jaar";"Percentages/gemiddelden";"1983";"1.1";"59.7";"39.2";"33.4";"5.8"
"Vrouwen";"50 tot 55 jaar";"Percentages/gemiddelden";"1984";"0.8";"61.6";"37.6";"29.5";"8.0"
"Vrouwen";"50 tot 55 jaar";"Percentages/gemiddelden";"1985";"2.1";"61.2";"36.7";"27.0";"9.6"
"Vrouwen";"50 tot 55 jaar";"Percentages/gemiddelden";"1986";"2.2";"57.8";"40.0";"31.9";"8.1"
"Vrouwen";"50 tot 55 jaar";"Percentages/gemiddelden";"1987";"1.4";"56.0";"42.6";"36.6";"5.9"
"Vrouwen";"50 tot 55 jaar";"Percentages/gemiddelden";"1988";"3.9";"54.2";"42.0";"31.0";"11.0"
"Vrouwen";"50 tot 55 jaar";"Percentages/gemiddelden";"1989";"0.9";"56.3";"42.8";"32.9";"10.0"
"Vrouwen";"50 tot 55 jaar";"Percentages/gemiddelden";"1990";"1.7";"58.3";"40.0";"24.5";"15.5"
"Vrouwen";"50 tot 55 jaar";"Percentages/gemiddelden";"1991";"2.2";"60.2";"37.6";"29.1";"8.5"
"Vrouwen";"50 tot 55 jaar";"Percentages/gemiddelden";"1992";"0.9";"56.4";"42.7";"31.5";"11.3"
"Vrouwen";"50 tot 55 jaar";"Percentages/gemiddelden";"1993";"2.9";"59.3";"37.8";"31.3";"6.5"
"Vrouwen";"50 tot 55 jaar";"Percentages/gemiddelden";"1994";"2.0";"53.1";"45.0";"32.4";"12.5"
"Vrouwen";"50 tot 55 jaar";"Percentages/gemiddelden";"1995";"0.4";"53.3";"46.3";"34.6";"11.7"
"Vrouwen";"50 tot 55 jaar";"Percentages/gemiddelden";"1996";"1.8";"54.4";"43.8";"32.1";"11.6"
"Vrouwen";"50 tot 55 jaar";"Percentages/gemiddelden";"1997";"1.3";"54.1";"44.6";"31.2";"13.5"
"Vrouwen";"50 tot 55 jaar";"Percentages/gemiddelden";"1998";"1.8";"56.1";"42.1";"28.8";"13.3"
"Vrouwen";"50 tot 55 jaar";"Percentages/gemiddelden";"1999";"1.9";"52.1";"46.0";"33.1";"12.9"
"Vrouwen";"50 tot 55 jaar";"Percentages/gemiddelden";"2000";"0.6";"53.3";"46.1";"32.6";"13.5"
"Vrouwen";"50 tot 55 jaar";"Percentages/gemiddelden";"2001";"0.6";"47.5";"51.9";"38.7";"13.1"
"Vrouwen";"50 tot 55 jaar";"Percentages/gemiddelden";"2002";"1.0";"48.9";"50.1";"35.0";"15.1"
"Vrouwen";"50 tot 55 jaar";"Percentages/gemiddelden";"2003";"2.5";"50.1";"47.4";"31.9";"15.5"
"Vrouwen";"50 tot 55 jaar";"Percentages/gemiddelden";"2004";"1.4";"54.7";"43.9";"30.2";"13.7"
"Vrouwen";"50 tot 55 jaar";"Percentages/gemiddelden";"2005";"1.5";"52.5";"46.0";"32.1";"13.9"
"Vrouwen";"50 tot 55 jaar";"Percentages/gemiddelden";"2006";"0.8";"55.1";"44.1";"30.7";"13.4"
"Vrouwen";"50 tot 55 jaar";"Percentages/gemiddelden";"2007";"1.2";"54.8";"44.0";"30.3";"13.7"
"Vrouwen";"50 tot 55 jaar";"Percentages/gemiddelden";"2008";"2.1";"53.9";"44.1";"32.1";"11.9"
"Vrouwen";"50 tot 55 jaar";"Percentages/gemiddelden";"2009";"1.6";"51.9";"46.5";"32.7";"13.8"
"Vrouwen";"50 tot 55 jaar";"Percentages/gemiddelden";"2010";"2.0";"53.9";"44.1";"31.9";"12.2"
"Vrouwen";"50 tot 55 jaar";"Percentages/gemiddelden";"2011";"1.9";"49.3";"48.8";"31.7";"17.1"
"Vrouwen";"50 tot 55 jaar";"Percentages/gemiddelden";"2012";"2.0";"52.8";"45.2";"29.8";"15.4"
"Vrouwen";"50 tot 55 jaar";"Percentages/gemiddelden";"2013";"1.2";"50.3";"48.5";"36.4";"12.0"
"Vrouwen";"50 tot 55 jaar";"Percentages/gemiddelden";"2014";"1.0";"48.5";"50.5";"33.7";"16.8"
"Vrouwen";"50 tot 55 jaar";"Percentages/gemiddelden";"2015";"2.4";"44.2";"53.4";"34.2";"19.2"
"Vrouwen";"50 tot 55 jaar";"Percentages/gemiddelden";"2016";"2.3";"45.2";"52.4";"33.9";"18.5"
"Vrouwen";"55 tot 65 jaar";"Percentages/gemiddelden";"1981";"1.2";"53.6";"45.2";"32.3";"12.9"
"Vrouwen";"55 tot 65 jaar";"Percentages/gemiddelden";"1982";"1.1";"51.7";"47.2";"35.7";"11.6"
"Vrouwen";"55 tot 65 jaar";"Percentages/gemiddelden";"1983";"1.7";"50.6";"47.7";"38.2";"9.5"
"Vrouwen";"55 tot 65 jaar";"Percentages/gemiddelden";"1984";"1.5";"55.3";"43.2";"30.4";"12.8"
"Vrouwen";"55 tot 65 jaar";"Percentages/gemiddelden";"1985";"1.7";"50.7";"47.6";"38.1";"9.5"
"Vrouwen";"55 tot 65 jaar";"Percentages/gemiddelden";"1986";"1.3";"51.0";"47.7";"35.3";"12.4"
"Vrouwen";"55 tot 65 jaar";"Percentages/gemiddelden";"1987";"1.3";"53.0";"45.7";"36.2";"9.5"
"Vrouwen";"55 tot 65 jaar";"Percentages/gemiddelden";"1988";"1.0";"52.3";"46.7";"34.8";"11.9"
"Vrouwen";"55 tot 65 jaar";"Percentages/gemiddelden";"1989";"0.5";"49.5";"50.0";"36.2";"13.8"
"Vrouwen";"55 tot 65 jaar";"Percentages/gemiddelden";"1990";"1.3";"48.7";"50.1";"39.9";"10.2"
"Vrouwen";"55 tot 65 jaar";"Percentages/gemiddelden";"1991";"1.6";"50.6";"47.8";"37.8";"9.9"
"Vrouwen";"55 tot 65 jaar";"Percentages/gemiddelden";"1992";"1.8";"48.9";"49.3";"36.7";"12.6"
"Vrouwen";"55 tot 65 jaar";"Percentages/gemiddelden";"1993";"2.3";"51.0";"46.6";"35.2";"11.4"
"Vrouwen";"55 tot 65 jaar";"Percentages/gemiddelden";"1994";"1.0";"49.8";"49.2";"36.8";"12.3"
"Vrouwen";"55 tot 65 jaar";"Percentages/gemiddelden";"1995";"1.4";"47.8";"50.8";"39.2";"11.6"
"Vrouwen";"55 tot 65 jaar";"Percentages/gemiddelden";"1996";"1.1";"50.3";"48.6";"38.0";"10.6"
"Vrouwen";"55 tot 65 jaar";"Percentages/gemiddelden";"1997";"0.4";"47.7";"51.9";"35.9";"16.1"
"Vrouwen";"55 tot 65 jaar";"Percentages/gemiddelden";"1998";"1.1";"47.9";"51.0";"37.3";"13.7"
"Vrouwen";"55 tot 65 jaar";"Percentages/gemiddelden";"1999";"1.1";"48.8";"50.1";"34.7";"15.4"
"Vrouwen";"55 tot 65 jaar";"Percentages/gemiddelden";"2000";"2.0";"43.9";"54.1";"39.1";"14.9"
"Vrouwen";"55 tot 65 jaar";"Percentages/gemiddelden";"2001";"0.6";"47.6";"51.9";"40.2";"11.7"
"Vrouwen";"55 tot 65 jaar";"Percentages/gemiddelden";"2002";"0.7";"48.4";"50.9";"32.8";"18.1"
"Vrouwen";"55 tot 65 jaar";"Percentages/gemiddelden";"2003";"1.5";"43.8";"54.7";"37.8";"16.9"
"Vrouwen";"55 tot 65 jaar";"Percentages/gemiddelden";"2004";"0.6";"46.2";"53.2";"38.2";"15.1"
"Vrouwen";"55 tot 65 jaar";"Percentages/gemiddelden";"2005";"1.2";"45.2";"53.6";"37.2";"16.4"
"Vrouwen";"55 tot 65 jaar";"Percentages/gemiddelden";"2006";"1.2";"48.5";"50.4";"33.7";"16.7"
"Vrouwen";"55 tot 65 jaar";"Percentages/gemiddelden";"2007";"1.4";"51.5";"47.2";"31.8";"15.4"
"Vrouwen";"55 tot 65 jaar";"Percentages/gemiddelden";"2008";"1.5";"49.0";"49.5";"34.0";"15.5"
"Vrouwen";"55 tot 65 jaar";"Percentages/gemiddelden";"2009";"0.7";"47.1";"52.2";"36.5";"15.7"
"Vrouwen";"55 tot 65 jaar";"Percentages/gemiddelden";"2010";"0.8";"46.2";"53.0";"36.6";"16.4"
"Vrouwen";"55 tot 65 jaar";"Percentages/gemiddelden";"2011";"1.1";"48.9";"50.0";"35.8";"14.1"
"Vrouwen";"55 tot 65 jaar";"Percentages/gemiddelden";"2012";"1.2";"50.4";"48.3";"34.0";"14.3"
"Vrouwen";"55 tot 65 jaar";"Percentages/gemiddelden";"2013";"2.1";"46.9";"51.0";"34.8";"16.2"
"Vrouwen";"55 tot 65 jaar";"Percentages/gemiddelden";"2014";"1.1";"45.5";"53.4";"35.8";"17.6"
"Vrouwen";"55 tot 65 jaar";"Percentages/gemiddelden";"2015";"0.6";"45.8";"53.6";"36.4";"17.2"
"Vrouwen";"55 tot 65 jaar";"Percentages/gemiddelden";"2016";"2.0";"44.5";"53.5";"34.9";"18.7"
"Vrouwen";"65 tot 75 jaar";"Percentages/gemiddelden";"1981";"1.8";"42.1";"56.1";"44.3";"11.7"
"Vrouwen";"65 tot 75 jaar";"Percentages/gemiddelden";"1982";"1.4";"49.6";"49.0";"39.4";"9.6"
"Vrouwen";"65 tot 75 jaar";"Percentages/gemiddelden";"1983";"1.7";"46.8";"51.5";"37.8";"13.8"
"Vrouwen";"65 tot 75 jaar";"Percentages/gemiddelden";"1984";"0.9";"47.0";"52.1";"37.9";"14.2"
"Vrouwen";"65 tot 75 jaar";"Percentages/gemiddelden";"1985";"2.2";"50.6";"47.2";"34.9";"12.3"
"Vrouwen";"65 tot 75 jaar";"Percentages/gemiddelden";"1986";"2.2";"44.3";"53.6";"44.8";"8.7"
"Vrouwen";"65 tot 75 jaar";"Percentages/gemiddelden";"1987";"2.4";"44.2";"53.4";"40.4";"13.0"
"Vrouwen";"65 tot 75 jaar";"Percentages/gemiddelden";"1988";"1.8";"44.0";"54.2";"43.9";"10.3"
"Vrouwen";"65 tot 75 jaar";"Percentages/gemiddelden";"1989";"1.2";"44.1";"54.7";"39.8";"15.0"
"Vrouwen";"65 tot 75 jaar";"Percentages/gemiddelden";"1990";"2.0";"52.6";"45.5";"35.5";"10.0"
"Vrouwen";"65 tot 75 jaar";"Percentages/gemiddelden";"1991";"1.4";"44.6";"54.1";"39.1";"15.0"
"Vrouwen";"65 tot 75 jaar";"Percentages/gemiddelden";"1992";"0.7";"44.2";"55.2";"43.0";"12.2"
"Vrouwen";"65 tot 75 jaar";"Percentages/gemiddelden";"1993";"2.9";"47.0";"50.1";"35.1";"15.0"
"Vrouwen";"65 tot 75 jaar";"Percentages/gemiddelden";"1994";"2.8";"46.5";"50.7";"39.6";"11.2"
"Vrouwen";"65 tot 75 jaar";"Percentages/gemiddelden";"1995";"1.6";"49.5";"48.9";"35.7";"13.2"
"Vrouwen";"65 tot 75 jaar";"Percentages/gemiddelden";"1996";"1.9";"43.1";"55.0";"40.8";"14.2"
"Vrouwen";"65 tot 75 jaar";"Percentages/gemiddelden";"1997";"1.1";"43.9";"55.0";"39.5";"15.5"
"Vrouwen";"65 tot 75 jaar";"Percentages/gemiddelden";"1998";"0.5";"42.8";"56.7";"41.8";"14.9"
"Vrouwen";"65 tot 75 jaar";"Percentages/gemiddelden";"1999";"3.2";"40.8";"56.0";"40.5";"15.5"
"Vrouwen";"65 tot 75 jaar";"Percentages/gemiddelden";"2000";"1.2";"38.9";"59.9";"45.8";"14.2"
"Vrouwen";"65 tot 75 jaar";"Percentages/gemiddelden";"2001";"1.3";"39.1";"59.6";"41.3";"18.3"
"Vrouwen";"65 tot 75 jaar";"Percentages/gemiddelden";"2002";"0.2";"45.8";"54.0";"39.6";"14.4"
"Vrouwen";"65 tot 75 jaar";"Percentages/gemiddelden";"2003";"2.0";"38.2";"59.8";"40.6";"19.3"
"Vrouwen";"65 tot 75 jaar";"Percentages/gemiddelden";"2004";"1.8";"41.8";"56.4";"39.1";"17.4"
"Vrouwen";"65 tot 75 jaar";"Percentages/gemiddelden";"2005";"1.9";"43.6";"54.5";"34.5";"20.0"
"Vrouwen";"65 tot 75 jaar";"Percentages/gemiddelden";"2006";"2.0";"41.7";"56.3";"39.3";"16.9"
"Vrouwen";"65 tot 75 jaar";"Percentages/gemiddelden";"2007";"1.5";"43.4";"55.0";"38.6";"16.5"
"Vrouwen";"65 tot 75 jaar";"Percentages/gemiddelden";"2008";"1.1";"44.4";"54.6";"34.5";"20.1"
"Vrouwen";"65 tot 75 jaar";"Percentages/gemiddelden";"2009";"1.2";"40.7";"58.0";"39.5";"18.6"
"Vrouwen";"65 tot 75 jaar";"Percentages/gemiddelden";"2010";"0.8";"41.1";"58.0";"42.0";"16.1"
"Vrouwen";"65 tot 75 jaar";"Percentages/gemiddelden";"2011";"2.1";"43.4";"54.5";"35.8";"18.6"
"Vrouwen";"65 tot 75 jaar";"Percentages/gemiddelden";"2012";"1.8";"42.5";"55.6";"38.2";"17.4"
"Vrouwen";"65 tot 75 jaar";"Percentages/gemiddelden";"2013";"1.8";"43.2";"55.0";"37.0";"18.0"
"Vrouwen";"65 tot 75 jaar";"Percentages/gemiddelden";"2014";"0.9";"43.1";"56.0";"35.3";"20.8"
"Vrouwen";"65 tot 75 jaar";"Percentages/gemiddelden";"2015";"0.4";"43.0";"56.6";"37.9";"18.6"
"Vrouwen";"65 tot 75 jaar";"Percentages/gemiddelden";"2016";"0.8";"37.6";"61.6";"36.7";"24.9"
"Vrouwen";"75 jaar of ouder";"Percentages/gemiddelden";"1981";"0.8";"57.4";"41.8";"36.3";"5.5"
"Vrouwen";"75 jaar of ouder";"Percentages/gemiddelden";"1982";"3.7";"48.6";"47.7";"38.0";"9.7"
"Vrouwen";"75 jaar of ouder";"Percentages/gemiddelden";"1983";"1.3";"49.1";"49.7";"41.8";"7.8"
"Vrouwen";"75 jaar of ouder";"Percentages/gemiddelden";"1984";"5.1";"46.3";"48.6";"42.1";"6.5"
"Vrouwen";"75 jaar of ouder";"Percentages/gemiddelden";"1985";"1.4";"61.5";"37.0";"27.2";"9.8"
"Vrouwen";"75 jaar of ouder";"Percentages/gemiddelden";"1986";"4.2";"44.9";"50.9";"38.4";"12.4"
"Vrouwen";"75 jaar of ouder";"Percentages/gemiddelden";"1987";"3.4";"46.2";"50.4";"37.6";"12.8"
"Vrouwen";"75 jaar of ouder";"Percentages/gemiddelden";"1988";"2.9";"51.5";"45.6";"40.2";"5.4"
"Vrouwen";"75 jaar of ouder";"Percentages/gemiddelden";"1989";"1.2";"48.1";"50.8";"40.2";"10.6"
"Vrouwen";"75 jaar of ouder";"Percentages/gemiddelden";"1990";"1.7";"54.2";"44.1";"36.2";"7.9"
"Vrouwen";"75 jaar of ouder";"Percentages/gemiddelden";"1991";"2.1";"51.2";"46.6";"37.3";"9.4"
"Vrouwen";"75 jaar of ouder";"Percentages/gemiddelden";"1992";"5.3";"46.3";"48.4";"34.8";"13.6"
"Vrouwen";"75 jaar of ouder";"Percentages/gemiddelden";"1993";"2.1";"53.5";"44.4";"38.2";"6.2"
"Vrouwen";"75 jaar of ouder";"Percentages/gemiddelden";"1994";"2.5";"53.4";"44.1";"34.7";"9.4"
"Vrouwen";"75 jaar of ouder";"Percentages/gemiddelden";"1995";"3.7";"45.8";"50.5";"38.0";"12.5"
"Vrouwen";"75 jaar of ouder";"Percentages/gemiddelden";"1996";"1.6";"49.1";"49.3";"38.1";"11.2"
"Vrouwen";"75 jaar of ouder";"Percentages/gemiddelden";"1997";"2.3";"50.5";"47.2";"35.7";"11.5"
"Vrouwen";"75 jaar of ouder";"Percentages/gemiddelden";"1998";"4.4";"47.0";"48.6";"37.7";"10.9"
"Vrouwen";"75 jaar of ouder";"Percentages/gemiddelden";"1999";"2.1";"52.1";"45.8";"34.4";"11.4"
"Vrouwen";"75 jaar of ouder";"Percentages/gemiddelden";"2000";"1.8";"46.8";"51.4";"36.1";"15.3"
"Vrouwen";"75 jaar of ouder";"Percentages/gemiddelden";"2001";"2.3";"48.2";"49.5";"35.9";"13.6"
"Vrouwen";"75 jaar of ouder";"Percentages/gemiddelden";"2002";"2.8";"44.3";"52.9";"40.3";"12.6"
"Vrouwen";"75 jaar of ouder";"Percentages/gemiddelden";"2003";"2.5";"44.7";"52.7";"38.6";"14.1"
"Vrouwen";"75 jaar of ouder";"Percentages/gemiddelden";"2004";"3.3";"44.1";"52.7";"40.3";"12.4"
"Vrouwen";"75 jaar of ouder";"Percentages/gemiddelden";"2005";"3.0";"46.4";"50.5";"36.9";"13.6"
"Vrouwen";"75 jaar of ouder";"Percentages/gemiddelden";"2006";"2.3";"40.2";"57.5";"39.7";"17.8"
"Vrouwen";"75 jaar of ouder";"Percentages/gemiddelden";"2007";"2.2";"46.8";"51.0";"35.7";"15.3"
"Vrouwen";"75 jaar of ouder";"Percentages/gemiddelden";"2008";"3.9";"42.7";"53.4";"41.2";"12.2"
"Vrouwen";"75 jaar of ouder";"Percentages/gemiddelden";"2009";"1.4";"45.7";"52.8";"36.4";"16.5"
"Vrouwen";"75 jaar of ouder";"Percentages/gemiddelden";"2010";"1.4";"43.0";"55.6";"39.6";"16.0"
"Vrouwen";"75 jaar of ouder";"Percentages/gemiddelden";"2011";"2.6";"45.2";"52.2";"38.0";"14.2"
"Vrouwen";"75 jaar of ouder";"Percentages/gemiddelden";"2012";"1.4";"40.7";"57.8";"41.4";"16.4"
"Vrouwen";"75 jaar of ouder";"Percentages/gemiddelden";"2013";"1.3";"44.6";"54.1";"38.1";"16.0"
"Vrouwen";"75 jaar of ouder";"Percentages/gemiddelden";"2014";"1.2";"45.6";"53.2";"34.7";"18.5"
"Vrouwen";"75 jaar of ouder";"Percentages/gemiddelden";"2015";"3.3";"40.0";"56.7";"37.9";"18.7"
"Vrouwen";"75 jaar of ouder";"Percentages/gemiddelden";"2016";"2.8";"43.8";"53.4";"35.6";"17.8"
"© Centraal Bureau voor de Statistiek, Den Haag/Heerlen 10-11-2017"
